point_index,x,y,arc_length_px
0,1634.000,593.000,0.000
1,1633.081,593.957,1.326
2,1632.165,594.881,2.628
3,1631.251,595.774,3.906
4,1630.339,596.635,5.160
5,1629.430,597.466,6.391
6,1628.524,598.267,7.601
7,1627.619,599.037,8.789
8,1626.717,599.778,9.956
9,1625.818,600.490,11.104
10,1624.920,601.173,12.232
11,1624.024,601.828,13.341
12,1623.131,602.455,14.433
13,1622.239,603.055,15.507
14,1621.350,603.628,16.566
15,1620.462,604.175,17.608
16,1619.576,604.695,18.635
17,1618.692,605.189,19.648
18,1617.810,605.659,20.648
19,1616.929,606.103,21.634
20,1616.050,606.523,22.609
21,1615.172,606.919,23.572
22,1614.296,607.292,24.524
23,1613.421,607.642,25.466
24,1612.548,607.968,26.398
25,1611.676,608.273,27.322
26,1610.805,608.556,28.237
27,1609.936,608.817,29.145
28,1609.067,609.057,30.046
29,1608.200,609.277,30.941
30,1607.334,609.477,31.830
31,1606.469,609.657,32.713
32,1605.604,609.817,33.592
33,1604.741,609.959,34.467
34,1603.879,610.082,35.339
35,1603.017,610.188,36.207
36,1602.156,610.276,37.072
37,1601.295,610.346,37.936
38,1600.436,610.400,38.797
39,1599.576,610.438,39.657
40,1598.718,610.460,40.516
41,1597.859,610.466,41.374
42,1597.002,610.458,42.232
43,1596.144,610.435,43.090
44,1595.287,610.397,43.948
45,1594.430,610.346,44.807
46,1593.573,610.282,45.666
47,1592.716,610.205,46.526
48,1591.859,610.115,47.388
49,1591.003,610.013,48.250
50,1590.146,609.900,49.115
51,1589.289,609.775,49.980
52,1588.432,609.640,50.848
53,1587.575,609.495,51.717
54,1586.717,609.339,52.589
55,1585.860,609.174,53.462
56,1585.001,609.000,54.338
57,1584.143,608.818,55.216
58,1583.284,608.627,56.096
59,1582.424,608.429,56.978
60,1581.564,608.223,57.863
61,1580.703,608.010,58.750
62,1579.841,607.791,59.639
63,1578.979,607.566,60.530
64,1578.116,607.335,61.424
65,1577.251,607.099,62.319
66,1576.386,606.858,63.217
67,1575.520,606.613,64.117
68,1574.653,606.364,65.019
69,1573.785,606.111,65.924
70,1572.916,605.855,66.830
71,1572.045,605.597,67.738
72,1571.174,605.337,68.648
73,1570.300,605.074,69.559
74,1569.426,604.811,70.473
75,1568.550,604.546,71.388
76,1567.673,604.281,72.304
77,1566.794,604.016,73.222
78,1565.913,603.751,74.142
79,1565.031,603.487,75.062
80,1564.147,603.224,75.985
81,1563.262,602.963,76.908
82,1562.374,602.704,77.832
83,1561.485,602.447,78.758
84,1560.594,602.194,79.685
85,1559.700,601.943,80.612
86,1558.805,601.697,81.541
87,1557.908,601.454,82.470
88,1557.008,601.216,83.401
89,1556.107,600.984,84.332
90,1555.203,600.756,85.264
91,1554.297,600.535,86.197
92,1553.388,600.320,87.131
93,1552.477,600.111,88.065
94,1551.563,599.910,89.001
95,1550.647,599.717,89.937
96,1549.729,599.531,90.874
97,1548.808,599.354,91.812
98,1547.884,599.186,92.751
99,1546.957,599.027,93.692
100,1546.027,598.878,94.633
101,1545.095,598.739,95.576
102,1544.160,598.610,96.520
103,1543.222,598.493,97.465
104,1542.280,598.387,98.412
105,1541.336,598.293,99.361
106,1540.388,598.211,100.312
107,1539.438,598.142,101.266
108,1538.484,598.086,102.221
109,1537.527,598.044,103.179
110,1536.566,598.015,104.140
111,1535.602,598.001,105.104
112,1534.635,598.002,106.072
113,1533.664,598.018,107.043
114,1532.690,598.048,108.018
115,1531.712,598.093,108.996
116,1530.732,598.152,109.978
117,1529.748,598.224,110.964
118,1528.762,598.309,111.954
119,1527.773,598.407,112.948
120,1526.782,598.517,113.945
121,1525.788,598.639,114.947
122,1524.791,598.773,115.952
123,1523.793,598.918,116.961
124,1522.793,599.074,117.973
125,1521.790,599.240,118.990
126,1520.786,599.417,120.009
127,1519.780,599.603,121.032
128,1518.773,599.799,122.058
129,1517.764,600.003,123.088
130,1516.754,600.217,124.120
131,1515.743,600.438,125.155
132,1514.731,600.668,126.193
133,1513.717,600.905,127.234
134,1512.703,601.149,128.276
135,1511.689,601.399,129.322
136,1510.674,601.657,130.369
137,1509.658,601.920,131.418
138,1508.642,602.189,132.469
139,1507.627,602.463,133.521
140,1506.611,602.742,134.574
141,1505.595,603.025,135.629
142,1504.579,603.313,136.684
143,1503.564,603.604,137.741
144,1502.549,603.899,138.797
145,1501.535,604.197,139.854
146,1500.522,604.497,140.911
147,1499.510,604.800,141.968
148,1498.498,605.104,143.024
149,1497.488,605.410,144.080
150,1496.479,605.718,145.134
151,1495.471,606.026,146.188
152,1494.465,606.334,147.240
153,1493.461,606.643,148.291
154,1492.458,606.951,149.340
155,1491.457,607.258,150.387
156,1490.458,607.564,151.432
157,1489.462,607.869,152.474
158,1488.467,608.172,153.513
159,1487.476,608.473,154.550
160,1486.486,608.771,155.583
161,1485.499,609.066,156.613
162,1484.515,609.358,157.640
163,1483.534,609.646,158.662
164,1482.557,609.930,159.680
165,1481.582,610.210,160.694
166,1480.610,610.485,161.704
167,1479.642,610.754,162.709
168,1478.678,611.018,163.709
169,1477.717,611.276,164.704
170,1476.760,611.528,165.693
171,1475.807,611.773,166.677
172,1474.858,612.011,167.656
173,1473.913,612.241,168.628
174,1472.973,612.464,169.595
175,1472.036,612.679,170.555
176,1471.105,612.884,171.509
177,1470.178,613.081,172.456
178,1469.256,613.269,173.397
179,1468.339,613.447,174.331
180,1467.427,613.615,175.259
181,1466.521,613.772,176.179
182,1465.619,613.919,177.092
183,1464.724,614.054,177.998
184,1463.833,614.178,178.897
185,1462.949,614.290,179.788
186,1462.070,614.390,180.673
187,1461.197,614.477,181.550
188,1460.331,614.551,182.420
189,1459.470,614.611,183.282
190,1458.616,614.658,184.137
191,1457.769,614.690,184.986
192,1456.928,614.708,185.827
193,1456.094,614.711,186.661
194,1455.266,614.699,187.488
195,1454.446,614.671,188.309
196,1453.633,614.627,189.123
197,1452.827,614.566,189.932
198,1452.028,614.489,190.734
199,1451.237,614.395,191.531
200,1450.454,614.283,192.322
201,1449.678,614.153,193.108
202,1448.911,614.005,193.890
203,1448.151,613.838,194.668
204,1447.399,613.652,195.442
205,1446.656,613.447,196.214
206,1445.921,613.221,196.982
207,1445.195,612.976,197.749
208,1444.477,612.711,198.514
209,1443.768,612.424,199.279
210,1443.068,612.116,200.044
211,1442.377,611.786,200.809
212,1441.695,611.435,201.577
213,1441.022,611.061,202.346
214,1440.359,610.664,203.119
215,1439.705,610.244,203.896
216,1439.062,609.800,204.678
217,1438.427,609.333,205.465
218,1437.803,608.841,206.260
219,1437.189,608.326,207.062
220,1436.584,607.787,207.873
221,1435.987,607.225,208.691
222,1435.400,606.643,209.519
223,1434.820,606.040,210.356
224,1434.247,605.417,211.202
225,1433.681,604.776,212.057
226,1433.121,604.118,212.921
227,1432.568,603.442,213.794
228,1432.019,602.752,214.676
229,1431.475,602.047,215.567
230,1430.936,601.328,216.465
231,1430.400,600.596,217.372
232,1429.868,599.852,218.287
233,1429.338,599.098,219.208
234,1428.811,598.334,220.137
235,1428.285,597.561,221.071
236,1427.761,596.780,222.012
237,1427.237,595.992,222.958
238,1426.714,595.199,223.909
239,1426.190,594.400,224.864
240,1425.666,593.597,225.823
241,1425.140,592.790,226.786
242,1424.613,591.982,227.751
243,1424.083,591.173,228.718
244,1423.550,590.363,229.688
245,1423.015,589.554,230.658
246,1422.475,588.746,231.629
247,1421.931,587.941,232.601
248,1421.382,587.140,233.572
249,1420.828,586.343,234.542
250,1420.268,585.552,235.512
251,1419.701,584.767,236.480
252,1419.128,583.990,237.445
253,1418.548,583.221,238.409
254,1417.959,582.461,239.370
255,1417.362,581.712,240.328
256,1416.756,580.974,241.283
257,1416.141,580.248,242.234
258,1415.516,579.535,243.182
259,1414.881,578.837,244.127
260,1414.235,578.153,245.067
261,1413.577,577.485,246.004
262,1412.907,576.835,246.938
263,1412.225,576.202,247.868
264,1411.530,575.589,248.795
265,1410.823,574.994,249.720
266,1410.103,574.417,250.642
267,1409.370,573.858,251.564
268,1408.627,573.316,252.484
269,1407.872,572.791,253.403
270,1407.107,572.282,254.322
271,1406.331,571.788,255.242
272,1405.545,571.309,256.162
273,1404.751,570.845,257.083
274,1403.947,570.394,258.005
275,1403.134,569.956,258.928
276,1402.313,569.531,259.852
277,1401.485,569.118,260.778
278,1400.649,568.716,261.705
279,1399.806,568.325,262.634
280,1398.957,567.945,263.564
281,1398.102,567.574,264.496
282,1397.241,567.213,265.430
283,1396.376,566.860,266.365
284,1395.505,566.515,267.301
285,1394.630,566.177,268.239
286,1393.751,565.847,269.178
287,1392.868,565.523,270.118
288,1391.983,565.205,271.059
289,1391.094,564.891,272.001
290,1390.204,564.583,272.944
291,1389.312,564.278,273.886
292,1388.418,563.978,274.829
293,1387.524,563.680,275.772
294,1386.628,563.384,276.715
295,1385.733,563.090,277.657
296,1384.838,562.797,278.599
297,1383.944,562.506,279.539
298,1383.051,562.214,280.479
299,1382.159,561.921,281.417
300,1381.270,561.628,282.354
301,1380.383,561.333,283.289
302,1379.499,561.036,284.221
303,1378.618,560.736,285.152
304,1377.740,560.433,286.080
305,1376.867,560.126,287.006
306,1375.998,559.814,287.929
307,1375.135,559.497,288.849
308,1374.277,559.175,289.765
309,1373.424,558.847,290.679
310,1372.578,558.512,291.589
311,1371.738,558.170,292.496
312,1370.906,557.819,293.399
313,1370.081,557.461,294.298
314,1369.264,557.093,295.194
315,1368.455,556.716,296.087
316,1367.655,556.329,296.976
317,1366.864,555.930,297.861
318,1366.083,555.521,298.743
319,1365.311,555.101,299.622
320,1364.548,554.670,300.498
321,1363.794,554.229,301.372
322,1363.049,553.777,302.243
323,1362.313,553.314,303.112
324,1361.585,552.842,303.980
325,1360.866,552.359,304.847
326,1360.154,551.867,305.712
327,1359.451,551.365,306.576
328,1358.755,550.853,307.439
329,1358.067,550.333,308.302
330,1357.387,549.803,309.165
331,1356.714,549.264,310.027
332,1356.048,548.716,310.889
333,1355.389,548.159,311.752
334,1354.737,547.594,312.615
335,1354.091,547.021,313.478
336,1353.452,546.439,314.342
337,1352.819,545.850,315.207
338,1352.192,545.252,316.073
339,1351.571,544.647,316.940
340,1350.956,544.035,317.808
341,1350.347,543.415,318.677
342,1349.743,542.787,319.548
343,1349.144,542.153,320.420
344,1348.551,541.512,321.294
345,1347.962,540.864,322.169
346,1347.378,540.210,323.046
347,1346.799,539.550,323.925
348,1346.224,538.883,324.805
349,1345.653,538.210,325.688
350,1345.087,537.531,326.572
351,1344.524,536.847,327.458
352,1343.965,536.157,328.346
353,1343.410,535.461,329.236
354,1342.858,534.761,330.128
355,1342.309,534.055,331.021
356,1341.763,533.344,331.917
357,1341.220,532.629,332.815
358,1340.680,531.909,333.715
359,1340.143,531.185,334.617
360,1339.608,530.457,335.521
361,1339.075,529.724,336.427
362,1338.544,528.988,337.334
363,1338.015,528.248,338.244
364,1337.488,527.504,339.156
365,1336.962,526.757,340.069
366,1336.438,526.007,340.985
367,1335.914,525.253,341.902
368,1335.392,524.497,342.821
369,1334.871,523.738,343.742
370,1334.350,522.977,344.664
371,1333.830,522.213,345.589
372,1333.310,521.446,346.515
373,1332.791,520.678,347.442
374,1332.271,519.908,348.371
375,1331.751,519.136,349.302
376,1331.231,518.362,350.234
377,1330.711,517.587,351.168
378,1330.189,516.811,352.103
379,1329.667,516.033,353.039
380,1329.144,515.255,353.977
381,1328.620,514.476,354.916
382,1328.094,513.696,355.856
383,1327.567,512.916,356.798
384,1327.038,512.136,357.741
385,1326.507,511.355,358.684
386,1325.975,510.575,359.629
387,1325.440,509.795,360.575
388,1324.902,509.015,361.522
389,1324.362,508.236,362.470
390,1323.820,507.457,363.419
391,1323.274,506.679,364.369
392,1322.726,505.903,365.320
393,1322.174,505.127,366.272
394,1321.619,504.353,367.224
395,1321.060,503.581,368.178
396,1320.498,502.810,369.132
397,1319.931,502.041,370.087
398,1319.361,501.274,371.043
399,1318.786,500.510,371.999
400,1318.207,499.747,372.956
401,1317.624,498.988,373.914
402,1317.035,498.231,374.873
403,1316.442,497.476,375.833
404,1315.844,496.725,376.793
405,1315.240,495.977,377.754
406,1314.631,495.232,378.716
407,1314.016,494.491,379.679
408,1313.396,493.754,380.643
409,1312.769,493.020,381.608
410,1312.137,492.291,382.573
411,1311.498,491.565,383.540
412,1310.853,490.844,384.507
413,1310.201,490.128,385.476
414,1309.543,489.416,386.446
415,1308.877,488.709,387.417
416,1308.204,488.007,388.389
417,1307.524,487.310,389.363
418,1306.837,486.618,390.338
419,1306.142,485.932,391.314
420,1305.439,485.252,392.293
421,1304.728,484.577,393.273
422,1304.009,483.909,394.254
423,1303.282,483.246,395.238
424,1302.546,482.590,396.224
425,1301.802,481.941,397.212
426,1301.048,481.298,398.202
427,1300.286,480.661,399.195
428,1299.515,480.032,400.191
429,1298.734,479.410,401.189
430,1297.944,478.796,402.190
431,1297.144,478.188,403.194
432,1296.334,477.589,404.202
433,1295.514,476.997,405.213
434,1294.684,476.413,406.228
435,1293.844,475.837,407.246
436,1292.993,475.270,408.269
437,1292.132,474.711,409.296
438,1291.259,474.161,410.327
439,1290.376,473.619,411.364
440,1289.482,473.086,412.404
441,1288.577,472.563,413.450
442,1287.663,472.048,414.499
443,1286.739,471.543,415.552
444,1285.805,471.046,416.610
445,1284.863,470.559,417.670
446,1283.912,470.081,418.734
447,1282.954,469.613,419.801
448,1281.987,469.154,420.871
449,1281.014,468.704,421.943
450,1280.034,468.264,423.018
451,1279.047,467.834,424.094
452,1278.054,467.413,425.173
453,1277.056,467.003,426.252
454,1276.052,466.602,427.333
455,1275.043,466.211,428.415
456,1274.030,465.830,429.497
457,1273.013,465.459,430.579
458,1271.993,465.099,431.662
459,1270.969,464.748,432.744
460,1269.942,464.408,433.826
461,1268.912,464.078,434.907
462,1267.881,463.759,435.987
463,1266.848,463.450,437.065
464,1265.814,463.151,438.141
465,1264.778,462.864,439.216
466,1263.743,462.587,440.288
467,1262.707,462.320,441.357
468,1261.671,462.065,442.424
469,1260.637,461.821,443.487
470,1259.603,461.587,444.547
471,1258.571,461.365,445.603
472,1257.540,461.153,446.655
473,1256.512,460.953,447.702
474,1255.487,460.764,448.744
475,1254.465,460.587,449.782
476,1253.446,460.421,450.814
477,1252.431,460.266,451.841
478,1251.421,460.123,452.861
479,1250.415,459.992,453.876
480,1249.414,459.872,454.884
481,1248.418,459.764,455.885
482,1247.429,459.668,456.879
483,1246.446,459.583,457.866
484,1245.469,459.511,458.845
485,1244.499,459.451,459.817
486,1243.537,459.402,460.780
487,1242.583,459.366,461.735
488,1241.637,459.343,462.682
489,1240.700,459.331,463.619
490,1239.771,459.332,464.547
491,1238.852,459.345,465.466
492,1237.943,459.371,466.376
493,1237.044,459.410,467.276
494,1236.156,459.461,468.165
495,1235.279,459.525,469.045
496,1234.413,459.601,469.914
497,1233.559,459.691,470.773
498,1232.717,459.794,471.621
499,1231.888,459.909,472.458
500,1231.072,460.038,473.284
501,1230.269,460.179,474.099
502,1229.480,460.334,474.903
503,1228.705,460.503,475.696
504,1227.945,460.684,476.478
505,1227.200,460.879,477.248
506,1226.470,461.088,478.007
507,1225.756,461.310,478.755
508,1225.058,461.546,479.492
509,1224.377,461.795,480.217
510,1223.713,462.058,480.932
511,1223.066,462.335,481.636
512,1222.436,462.626,482.329
513,1221.825,462.931,483.012
514,1221.233,463.251,483.685
515,1220.659,463.584,484.348
516,1220.105,463.931,485.002
517,1219.570,464.293,485.648
518,1219.056,464.669,486.285
519,1218.560,465.059,486.915
520,1218.085,465.462,487.539
521,1217.628,465.880,488.158
522,1217.191,466.311,488.772
523,1216.773,466.756,489.383
524,1216.374,467.215,489.991
525,1215.993,467.686,490.597
526,1215.631,468.171,491.202
527,1215.288,468.669,491.807
528,1214.963,469.180,492.412
529,1214.656,469.704,493.019
530,1214.368,470.241,493.629
531,1214.097,470.790,494.241
532,1213.844,471.352,494.857
533,1213.609,471.926,495.477
534,1213.392,472.512,496.102
535,1213.192,473.110,496.733
536,1213.009,473.721,497.370
537,1212.844,474.343,498.014
538,1212.695,474.977,498.665
539,1212.564,475.622,499.324
540,1212.449,476.279,499.991
541,1212.351,476.948,500.667
542,1212.269,477.628,501.351
543,1212.204,478.319,502.045
544,1212.155,479.020,502.749
545,1212.122,479.733,503.462
546,1212.106,480.457,504.186
547,1212.105,481.191,504.920
548,1212.119,481.936,505.665
549,1212.150,482.691,506.421
550,1212.196,483.456,507.188
551,1212.257,484.232,507.966
552,1212.333,485.018,508.755
553,1212.424,485.813,509.556
554,1212.531,486.619,510.369
555,1212.652,487.434,511.193
556,1212.788,488.258,512.028
557,1212.938,489.092,512.876
558,1213.103,489.936,513.735
559,1213.282,490.788,514.606
560,1213.475,491.650,515.489
561,1213.682,492.520,516.384
562,1213.903,493.400,517.291
563,1214.137,494.288,518.209
564,1214.385,495.185,519.140
565,1214.647,496.090,520.082
566,1214.922,497.003,521.036
567,1215.210,497.925,522.002
568,1215.511,498.855,522.979
569,1215.826,499.793,523.968
570,1216.153,500.738,524.968
571,1216.492,501.691,525.980
572,1216.844,502.652,527.004
573,1217.209,503.621,528.039
574,1217.586,504.597,529.085
575,1217.975,505.580,530.142
576,1218.376,506.570,531.210
577,1218.788,507.567,532.289
578,1219.213,508.571,533.379
579,1219.649,509.582,534.480
580,1220.097,510.599,535.592
581,1220.556,511.623,536.714
582,1221.026,512.653,537.846
583,1221.507,513.690,538.989
584,1221.999,514.733,540.142
585,1222.502,515.782,541.305
586,1223.015,516.836,542.478
587,1223.540,517.897,543.661
588,1224.074,518.963,544.854
589,1224.619,520.034,546.056
590,1225.174,521.111,547.268
591,1225.739,522.194,548.488
592,1226.313,523.281,549.718
593,1226.898,524.374,550.958
594,1227.492,525.471,552.205
595,1228.095,526.574,553.462
596,1228.708,527.681,554.727
597,1229.330,528.792,556.001
598,1229.961,529.908,557.283
599,1230.602,531.028,558.574
600,1231.250,532.153,559.872
601,1231.908,533.281,561.178
602,1232.574,534.414,562.492
603,1233.248,535.550,563.813
604,1233.931,536.690,565.142
605,1234.622,537.834,566.478
606,1235.321,538.981,567.821
607,1236.028,540.131,569.172
608,1236.742,541.285,570.529
609,1237.464,542.442,571.892
610,1238.194,543.602,573.262
611,1238.931,544.764,574.639
612,1239.675,545.930,576.021
613,1240.426,547.098,577.410
614,1241.184,548.268,578.805
615,1241.949,549.441,580.205
616,1242.720,550.616,581.611
617,1243.499,551.793,583.022
618,1244.283,552.972,584.438
619,1245.074,554.153,585.859
620,1245.871,555.336,587.285
621,1246.674,556.520,588.716
622,1247.482,557.706,590.152
623,1248.297,558.894,591.592
624,1249.117,560.082,593.036
625,1249.943,561.272,594.484
626,1250.774,562.463,595.936
627,1251.610,563.655,597.392
628,1252.451,564.847,598.851
629,1253.297,566.041,600.314
630,1254.148,567.234,601.780
631,1255.004,568.428,603.249
632,1255.864,569.623,604.721
633,1256.728,570.817,606.196
634,1257.597,572.012,607.673
635,1258.470,573.207,609.152
636,1259.347,574.401,610.634
637,1260.228,575.595,612.118
638,1261.113,576.789,613.604
639,1262.001,577.982,615.091
640,1262.893,579.174,616.580
641,1263.788,580.366,618.071
642,1264.686,581.557,619.562
643,1265.587,582.746,621.055
644,1266.491,583.935,622.548
645,1267.399,585.122,624.042
646,1268.308,586.308,625.537
647,1269.221,587.492,627.032
648,1270.135,588.675,628.527
649,1271.052,589.856,630.022
650,1271.971,591.035,631.517
651,1272.893,592.212,633.011
652,1273.816,593.386,634.505
653,1274.740,594.559,635.999
654,1275.667,595.729,637.491
655,1276.594,596.897,638.982
656,1277.524,598.062,640.473
657,1278.454,599.224,641.961
658,1279.386,600.383,643.449
659,1280.318,601.540,644.934
660,1281.251,602.693,646.418
661,1282.185,603.843,647.899
662,1283.120,604.990,649.379
663,1284.054,606.133,650.855
664,1284.990,607.273,652.330
665,1285.925,608.409,653.801
666,1286.860,609.541,655.269
667,1287.795,610.669,656.735
668,1288.730,611.793,658.197
669,1289.665,612.913,659.655
670,1290.599,614.028,661.110
671,1291.532,615.139,662.561
672,1292.465,616.246,664.008
673,1293.397,617.347,665.451
674,1294.327,618.444,666.890
675,1295.257,619.536,668.324
676,1296.185,620.623,669.753
677,1297.112,621.705,671.177
678,1298.037,622.782,672.597
679,1298.960,623.853,674.011
680,1299.882,624.918,675.420
681,1300.801,625.978,676.823
682,1301.719,627.032,678.220
683,1302.634,628.080,679.611
684,1303.547,629.122,680.997
685,1304.457,630.158,682.376
686,1305.364,631.187,683.748
687,1306.269,632.211,685.114
688,1307.171,633.227,686.473
689,1308.070,634.237,687.825
690,1308.966,635.241,689.170
691,1309.858,636.237,690.508
692,1310.747,637.226,691.838
693,1311.633,638.209,693.160
694,1312.514,639.183,694.475
695,1313.392,640.151,695.781
696,1314.266,641.111,697.080
697,1315.136,642.064,698.369
698,1316.001,643.008,699.651
699,1316.862,643.945,700.923
700,1317.719,644.874,702.187
701,1318.571,645.795,703.441
702,1319.418,646.707,704.686
703,1320.260,647.612,705.922
704,1321.097,648.507,707.148
705,1321.929,649.394,708.364
706,1322.756,650.273,709.570
707,1323.577,651.142,710.767
708,1324.393,652.003,711.952
709,1325.203,652.855,713.127
710,1326.007,653.697,714.292
711,1326.805,654.530,715.446
712,1327.597,655.353,716.588
713,1328.383,656.167,717.720
714,1329.162,656.972,718.840
715,1329.935,657.766,719.948
716,1330.702,658.551,721.045
717,1331.461,659.325,722.129
718,1332.214,660.089,723.202
719,1332.959,660.843,724.262
720,1333.698,661.587,725.310
721,1334.429,662.320,726.346
722,1335.152,663.042,727.368
723,1335.868,663.754,728.378
724,1336.577,664.455,729.374
725,1337.277,665.144,730.357
726,1337.970,665.823,731.326
727,1338.654,666.490,732.282
728,1339.330,667.146,733.224
729,1339.998,667.790,734.152
730,1340.658,668.423,735.066
731,1341.308,669.044,735.965
732,1341.950,669.653,736.850
733,1342.583,670.250,737.720
734,1343.207,670.835,738.576
735,1343.822,671.407,739.416
736,1344.427,671.967,740.241
737,1345.023,672.515,741.050
738,1345.610,673.050,741.844
739,1346.187,673.573,742.622
740,1346.754,674.082,743.384
741,1347.311,674.579,744.131
742,1347.857,675.062,744.861
743,1348.394,675.532,745.574
744,1348.920,675.989,746.271
745,1349.436,676.433,746.951
746,1349.941,676.863,747.614
747,1350.435,677.279,748.260
748,1350.919,677.681,748.889
749,1351.391,678.069,749.501
750,1351.853,678.444,750.095
751,1352.303,678.804,750.671
752,1352.741,679.149,751.230
753,1353.168,679.481,751.770
754,1353.583,679.797,752.292
755,1353.987,680.099,752.796
756,1354.378,680.387,753.282
757,1354.757,680.659,753.749
758,1355.124,680.916,754.197
759,1355.479,681.158,754.626
760,1355.821,681.385,755.037
761,1356.151,681.596,755.428
762,1356.468,681.792,755.801
763,1356.772,681.972,756.154
764,1357.063,682.137,756.488
765,1357.340,682.285,756.803
766,1357.605,682.418,757.099
767,1357.856,682.534,757.376
768,1358.093,682.634,757.633
769,1358.317,682.718,757.872
770,1358.527,682.785,758.093
771,1358.723,682.835,758.295
772,1358.905,682.869,758.480
773,1359.072,682.886,758.648
774,1359.226,682.886,758.802
775,1359.364,682.868,758.941
776,1359.489,682.834,759.070
777,1359.598,682.782,759.191
778,1359.692,682.712,759.309
779,1359.772,682.625,759.426
780,1359.836,682.521,759.549
781,1359.885,682.398,759.681
782,1359.919,682.258,759.826
783,1359.937,682.099,759.985
784,1359.939,681.922,760.162
785,1359.926,681.727,760.358
786,1359.896,681.513,760.574
787,1359.851,681.281,760.810
788,1359.789,681.030,761.069
789,1359.711,680.760,761.350
790,1359.616,680.472,761.654
791,1359.505,680.164,761.981
792,1359.377,679.837,762.332
793,1359.232,679.490,762.708
794,1359.070,679.125,763.108
795,1358.891,678.739,763.532
796,1358.694,678.334,763.983
797,1358.480,677.910,764.458
798,1358.249,677.465,764.959
799,1358.000,677.000,765.487
