CurveID,PointID,PosX,PosY,PosZ,TanX,TanY,TanZ
0,0,163.4000,-59.3000,0.0000,-0.7324,-0.6808,0.0
0,1,162.6654,-59.9828,0.0000,-0.8249,-0.5653,0.0
0,2,161.9451,-60.4765,0.0000,-0.9081,-0.4187,0.0
0,3,161.2363,-60.8033,0.0000,-0.9677,-0.2521,0.0
0,4,160.5360,-60.9857,0.0000,-0.9962,-0.0868,0.0
0,5,159.8414,-61.0462,0.0000,-0.9984,0.0564,0.0
0,6,159.1496,-61.0072,0.0000,-0.9862,0.1656,0.0
0,7,158.4577,-60.8910,0.0000,-0.9711,0.2388,0.0
0,8,157.7627,-60.7201,0.0000,-0.9605,0.2784,0.0
0,9,157.0618,-60.5170,0.0000,-0.9578,0.2875,0.0
0,10,156.3521,-60.3040,0.0000,-0.9635,0.2677,0.0
0,11,155.6307,-60.1035,0.0000,-0.9756,0.2193,0.0
0,12,154.8947,-59.9381,0.0000,-0.9899,0.1419,0.0
0,13,154.1412,-59.8300,0.0000,-0.9993,0.0365,0.0
0,14,153.3674,-59.8018,0.0000,-0.9969,-0.0790,0.0
0,15,152.5727,-59.8647,0.0000,-0.9857,-0.1685,0.0
0,16,151.7631,-60.0031,0.0000,-0.9729,-0.2311,0.0
0,17,150.9453,-60.1974,0.0000,-0.9627,-0.2707,0.0
0,18,150.1259,-60.4279,0.0000,-0.9569,-0.2903,0.0
0,19,149.3116,-60.6748,0.0000,-0.9568,-0.2908,0.0
0,20,148.5092,-60.9187,0.0000,-0.9624,-0.2715,0.0
0,21,147.7253,-61.1398,0.0000,-0.9734,-0.2293,0.0
0,22,146.9666,-61.3186,0.0000,-0.9874,-0.1585,0.0
0,23,146.2398,-61.4352,0.0000,-0.9987,-0.0508,0.0
0,24,145.5517,-61.4702,0.0000,-0.9947,0.1027,0.0
0,25,144.9089,-61.4039,0.0000,-0.9532,0.3022,0.0
0,26,144.3181,-61.2166,0.0000,-0.8513,0.5247,0.0
0,27,143.7860,-60.8886,0.0000,-0.7050,0.7092,0.0
0,28,143.3133,-60.4131,0.0000,-0.5975,0.8019,0.0
0,29,142.8784,-59.8295,0.0000,-0.5512,0.8343,0.0
0,30,142.4549,-59.1884,0.0000,-0.5607,0.8280,0.0
0,31,142.0159,-58.5402,0.0000,-0.6223,0.7828,0.0
0,32,141.5350,-57.9352,0.0000,-0.7313,0.6820,0.0
0,33,140.9859,-57.4231,0.0000,-0.8410,0.5410,0.0
0,34,140.3618,-57.0217,0.0000,-0.9060,0.4233,0.0
0,35,139.6830,-56.7045,0.0000,-0.9380,0.3466,0.0
0,36,138.9717,-56.4417,0.0000,-0.9495,0.3136,0.0
0,37,138.2502,-56.2034,0.0000,-0.9458,0.3248,0.0
0,38,137.5405,-55.9597,0.0000,-0.9243,0.3817,0.0
0,39,136.8651,-55.6807,0.0000,-0.8764,0.4816,0.0
0,40,136.2439,-55.3394,0.0000,-0.8114,0.5845,0.0
0,41,135.6782,-54.9318,0.0000,-0.7447,0.6674,0.0
0,42,135.1590,-54.4666,0.0000,-0.6834,0.7300,0.0
0,43,134.6776,-53.9523,0.0000,-0.6323,0.7747,0.0
0,44,134.2248,-53.3976,0.0000,-0.5940,0.8045,0.0
0,45,133.7919,-52.8113,0.0000,-0.5694,0.8221,0.0
0,46,133.3699,-52.2019,0.0000,-0.5586,0.8294,0.0
0,47,132.9498,-51.5782,0.0000,-0.5614,0.8275,0.0
0,48,132.5228,-50.9487,0.0000,-0.5773,0.8165,0.0
0,49,132.0799,-50.3223,0.0000,-0.6054,0.7959,0.0
0,50,131.6122,-49.7074,0.0000,-0.6447,0.7644,0.0
0,51,131.1107,-49.1128,0.0000,-0.6932,0.7207,0.0
0,52,130.5666,-48.5472,0.0000,-0.7483,0.6634,0.0
0,53,129.9710,-48.0191,0.0000,-0.8060,0.5919,0.0
0,54,129.3148,-47.5373,0.0000,-0.8612,0.5082,0.0
0,55,128.5909,-47.1101,0.0000,-0.9051,0.4252,0.0
0,56,127.8094,-46.7430,0.0000,-0.9377,0.3475,0.0
0,57,126.9910,-46.4398,0.0000,-0.9623,0.2719,0.0
0,58,126.1567,-46.2040,0.0000,-0.9809,0.1946,0.0
0,59,125.3272,-46.0394,0.0000,-0.9938,0.1110,0.0
0,60,124.5234,-45.9496,0.0000,-0.9999,0.0149,0.0
0,61,123.7662,-45.9383,0.0000,-0.9948,-0.1022,0.0
0,62,123.0764,-46.0092,0.0000,-0.9677,-0.2521,0.0
0,63,122.4748,-46.1659,0.0000,-0.8944,-0.4472,0.0
0,64,121.9824,-46.4121,0.0000,-0.7368,-0.6761,0.0
0,65,121.6147,-46.7496,0.0000,-0.5019,-0.8649,0.0
0,66,121.3688,-47.1734,0.0000,-0.2518,-0.9678,0.0
0,67,121.2377,-47.6772,0.0000,-0.0403,-0.9992,0.0
0,68,121.2144,-48.2546,0.0000,0.1195,-0.9928,0.0
0,69,121.2920,-48.8991,0.0000,0.2362,-0.9717,0.0
0,70,121.4634,-49.6044,0.0000,0.3219,-0.9468,0.0
0,71,121.7217,-50.3641,0.0000,0.3862,-0.9224,0.0
0,72,122.0598,-51.1717,0.0000,0.4357,-0.9001,0.0
0,73,122.4708,-52.0208,0.0000,0.4746,-0.8802,0.0
0,74,122.9477,-52.9051,0.0000,0.5061,-0.8625,0.0
0,75,123.4834,-53.8182,0.0000,0.5319,-0.8468,0.0
0,76,124.0709,-54.7535,0.0000,0.5536,-0.8328,0.0
0,77,124.7033,-55.7048,0.0000,0.5721,-0.8202,0.0
0,78,125.3735,-56.6655,0.0000,0.5882,-0.8087,0.0
0,79,126.0746,-57.6294,0.0000,0.6024,-0.7982,0.0
0,80,126.7996,-58.5901,0.0000,0.6151,-0.7885,0.0
0,81,127.5414,-59.5410,0.0000,0.6266,-0.7793,0.0
0,82,128.2931,-60.4758,0.0000,0.6373,-0.7706,0.0
0,83,129.0476,-61.3882,0.0000,0.6474,-0.7622,0.0
0,84,129.7981,-62.2716,0.0000,0.6571,-0.7538,0.0
0,85,130.5374,-63.1198,0.0000,0.6666,-0.7454,0.0
0,86,131.2585,-63.9262,0.0000,0.6762,-0.7367,0.0
0,87,131.9545,-64.6844,0.0000,0.6862,-0.7274,0.0
0,88,132.6184,-65.3882,0.0000,0.6970,-0.7171,0.0
0,89,133.2432,-66.0310,0.0000,0.7090,-0.7052,0.0
0,90,133.8219,-66.6065,0.0000,0.7233,-0.6906,0.0
0,91,134.3474,-67.1083,0.0000,0.7411,-0.6714,0.0
0,92,134.8128,-67.5300,0.0000,0.7652,-0.6438,0.0
0,93,135.2112,-67.8651,0.0000,0.8012,-0.5984,0.0
0,94,135.5354,-68.1073,0.0000,0.8622,-0.5066,0.0
0,95,135.7785,-68.2501,0.0000,0.9725,-0.2327,0.0
0,96,135.9335,-68.2872,0.0000,0.6239,0.7815,0.0
0,97,135.9934,-68.2121,0.0000,-0.2128,0.9771,0.0
0,98,135.9513,-68.0185,0.0000,-0.4289,0.9033,0.0
0,99,135.8000,-67.7000,0.0000,-0.4289,0.9033,0.0
1,0,109.6000,-20.5000,0.0000,-0.9264,0.3766,0.0
1,1,108.9080,-20.2187,0.0000,-0.9472,0.3206,0.0
1,2,108.1992,-19.9788,0.0000,-0.9645,0.2642,0.0
1,3,107.4762,-19.7808,0.0000,-0.9782,0.2074,0.0
1,4,106.7416,-19.6250,0.0000,-0.9886,0.1504,0.0
1,5,105.9981,-19.5119,0.0000,-0.9957,0.0931,0.0
1,6,105.2481,-19.4417,0.0000,-0.9994,0.0354,0.0
1,7,104.4942,-19.4150,0.0000,-0.9997,-0.0226,0.0
1,8,103.7391,-19.4321,0.0000,-0.9967,-0.0810,0.0
1,9,102.9853,-19.4933,0.0000,-0.9902,-0.1397,0.0
1,10,102.2353,-19.5991,0.0000,-0.9801,-0.1987,0.0
1,11,101.4919,-19.7498,0.0000,-0.9662,-0.2579,0.0
1,12,100.7575,-19.9459,0.0000,-0.9483,-0.3172,0.0
1,13,100.0347,-20.1877,0.0000,-0.9264,-0.3765,0.0
1,14,99.3262,-20.4756,0.0000,-0.8972,-0.4415,0.0
1,15,98.6397,-20.8134,0.0000,-0.8517,-0.5240,0.0
1,16,97.9929,-21.2114,0.0000,-0.7819,-0.6234,0.0
1,17,97.4047,-21.6803,0.0000,-0.6798,-0.7334,0.0
1,18,96.8939,-22.2313,0.0000,-0.5439,-0.8391,0.0
1,19,96.4777,-22.8735,0.0000,-0.4255,-0.9050,0.0
1,20,96.1431,-23.5851,0.0000,-0.3690,-0.9294,0.0
1,21,95.8519,-24.3184,0.0000,-0.3762,-0.9265,0.0
1,22,95.5650,-25.0250,0.0000,-0.4541,-0.8909,0.0
1,23,95.2433,-25.6562,0.0000,-0.6142,-0.7892,0.0
1,24,94.8481,-26.1641,0.0000,-0.8026,-0.5966,0.0
1,25,94.3597,-26.5271,0.0000,-0.9250,-0.3799,0.0
1,26,93.7862,-26.7626,0.0000,-0.9810,-0.1942,0.0
1,27,93.1380,-26.8910,0.0000,-0.9983,-0.0583,0.0
1,28,92.4254,-26.9325,0.0000,-0.9995,0.0324,0.0
1,29,91.6586,-26.9077,0.0000,-0.9962,0.0870,0.0
1,30,90.8481,-26.8369,0.0000,-0.9935,0.1134,0.0
1,31,90.0041,-26.7406,0.0000,-0.9932,0.1163,0.0
1,32,89.1370,-26.6391,0.0000,-0.9952,0.0976,0.0
1,33,88.2571,-26.5528,0.0000,-0.9984,0.0574,0.0
1,34,87.3748,-26.5021,0.0000,-1.0000,-0.0060,0.0
1,35,86.5003,-26.5073,0.0000,-0.9963,-0.0864,0.0
1,36,85.6421,-26.5817,0.0000,-0.9858,-0.1678,0.0
1,37,84.8052,-26.7242,0.0000,-0.9688,-0.2477,0.0
1,38,83.9939,-26.9317,0.0000,-0.9453,-0.3261,0.0
1,39,83.2125,-27.2012,0.0000,-0.9154,-0.4026,0.0
1,40,82.4655,-27.5297,0.0000,-0.8788,-0.4772,0.0
1,41,81.7573,-27.9144,0.0000,-0.8353,-0.5497,0.0
1,42,81.0922,-28.3521,0.0000,-0.7847,-0.6199,0.0
1,43,80.4747,-28.8399,0.0000,-0.7265,-0.6871,0.0
1,44,79.9091,-29.3748,0.0000,-0.6605,-0.7509,0.0
1,45,79.3998,-29.9538,0.0000,-0.5861,-0.8102,0.0
1,46,78.9512,-30.5739,0.0000,-0.5034,-0.8640,0.0
1,47,78.5676,-31.2321,0.0000,-0.4126,-0.9109,0.0
1,48,78.2536,-31.9255,0.0000,-0.3143,-0.9493,0.0
1,49,78.0133,-32.6510,0.0000,-0.2151,-0.9766,0.0
1,50,77.8474,-33.4045,0.0000,-0.1414,-0.9899,0.0
1,51,77.7371,-34.1766,0.0000,-0.1010,-0.9949,0.0
1,52,77.6579,-34.9562,0.0000,-0.0930,-0.9957,0.0
1,53,77.5854,-35.7322,0.0000,-0.1178,-0.9930,0.0
1,54,77.4951,-36.4934,0.0000,-0.1775,-0.9841,0.0
1,55,77.3624,-37.2288,0.0000,-0.2746,-0.9616,0.0
1,56,77.1629,-37.9273,0.0000,-0.4082,-0.9129,0.0
1,57,76.8721,-38.5778,0.0000,-0.5662,-0.8243,0.0
1,58,76.4658,-39.1693,0.0000,-0.6872,-0.7265,0.0
1,59,75.9550,-39.7093,0.0000,-0.7190,-0.6951,0.0
1,60,75.4101,-40.2360,0.0000,-0.6714,-0.7411,0.0
1,61,74.9073,-40.7910,0.0000,-0.5425,-0.8400,0.0
1,62,74.5094,-41.4071,0.0000,-0.3894,-0.9211,0.0
1,63,74.2238,-42.0827,0.0000,-0.2418,-0.9703,0.0
1,64,74.0434,-42.8069,0.0000,-0.1077,-0.9942,0.0
1,65,73.9608,-43.5688,0.0000,0.0104,-0.9999,0.0
1,66,73.9690,-44.3574,0.0000,0.1133,-0.9936,0.0
1,67,74.0608,-45.1618,0.0000,0.2033,-0.9791,0.0
1,68,74.2288,-45.9713,0.0000,0.2831,-0.9591,0.0
1,69,74.4660,-46.7747,0.0000,0.3553,-0.9347,0.0
1,70,74.7650,-47.5614,0.0000,0.4225,-0.9064,0.0
1,71,75.1187,-48.3202,0.0000,0.4867,-0.8736,0.0
1,72,75.5200,-49.0404,0.0000,0.5499,-0.8352,0.0
1,73,75.9615,-49.7110,0.0000,0.6088,-0.7933,0.0
1,74,76.4328,-50.3251,0.0000,0.6121,-0.7908,0.0
1,75,76.8909,-50.9169,0.0000,0.5204,-0.8539,0.0
1,76,77.2733,-51.5446,0.0000,0.3354,-0.9421,0.0
1,77,77.5258,-52.2538,0.0000,0.1401,-0.9901,0.0
1,78,77.6351,-53.0261,0.0000,-0.0423,-0.9991,0.0
1,79,77.6014,-53.8224,0.0000,-0.2206,-0.9754,0.0
1,80,77.4248,-54.6032,0.0000,-0.4025,-0.9154,0.0
1,81,77.1055,-55.3294,0.0000,-0.5897,-0.8076,0.0
1,82,76.6437,-55.9618,0.0000,-0.7372,-0.6757,0.0
1,83,76.0695,-56.4881,0.0000,-0.7607,-0.6491,0.0
1,84,75.5001,-56.9739,0.0000,-0.6365,-0.7713,0.0
1,85,75.0670,-57.4987,0.0000,-0.3560,-0.9345,0.0
1,86,74.8359,-58.1055,0.0000,-0.0869,-0.9962,0.0
1,87,74.7766,-58.7849,0.0000,0.1015,-0.9948,0.0
1,88,74.8520,-59.5234,0.0000,0.2151,-0.9766,0.0
1,89,75.0247,-60.3075,0.0000,0.2742,-0.9617,0.0
1,90,75.2574,-61.1238,0.0000,0.2925,-0.9563,0.0
1,91,75.5129,-61.9588,0.0000,0.2756,-0.9613,0.0
1,92,75.7538,-62.7992,0.0000,0.2215,-0.9752,0.0
1,93,75.9428,-63.6314,0.0000,0.1223,-0.9925,0.0
1,94,76.0427,-64.4420,0.0000,-0.0342,-0.9994,0.0
1,95,76.0162,-65.2175,0.0000,-0.2532,-0.9674,0.0
1,96,75.8260,-65.9445,0.0000,-0.5071,-0.8619,0.0
1,97,75.4347,-66.6096,0.0000,-0.7299,-0.6836,0.0
1,98,74.8052,-67.1992,0.0000,-0.8750,-0.4841,0.0
1,99,73.9000,-67.7000,0.0000,-0.8750,-0.4841,0.0
2,0,84.3000,-22.0000,0.0000,-0.6194,-0.7850,0.0
2,1,84.2404,-22.0755,0.0000,-0.7487,-0.6629,0.0
2,2,84.0859,-22.2123,0.0000,-0.7755,-0.6313,0.0
2,3,83.8482,-22.4059,0.0000,-0.7830,-0.6220,0.0
2,4,83.5389,-22.6515,0.0000,-0.7830,-0.6220,0.0
2,5,83.1698,-22.9447,0.0000,-0.7787,-0.6274,0.0
2,6,82.7525,-23.2810,0.0000,-0.7712,-0.6366,0.0
2,7,82.2985,-23.6557,0.0000,-0.7606,-0.6492,0.0
2,8,81.8197,-24.0643,0.0000,-0.7469,-0.6649,0.0
2,9,81.3277,-24.5023,0.0000,-0.7295,-0.6840,0.0
2,10,80.8342,-24.9651,0.0000,-0.7074,-0.7068,0.0
2,11,80.3507,-25.4482,0.0000,-0.6793,-0.7338,0.0
2,12,79.8890,-25.9469,0.0000,-0.6432,-0.7657,0.0
2,13,79.4607,-26.4568,0.0000,-0.5958,-0.8031,0.0
2,14,79.0776,-26.9732,0.0000,-0.5327,-0.8463,0.0
2,15,78.7513,-27.4917,0.0000,-0.4471,-0.8945,0.0
2,16,78.4934,-28.0076,0.0000,-0.3298,-0.9441,0.0
2,17,78.3157,-28.5164,0.0000,-0.1703,-0.9854,0.0
2,18,78.2297,-29.0135,0.0000,0.0364,-0.9993,0.0
2,19,78.2472,-29.4944,0.0000,0.2770,-0.9609,0.0
2,20,78.3799,-29.9546,0.0000,0.4959,-0.8684,0.0
2,21,78.6292,-30.3912,0.0000,0.5984,-0.8012,0.0
2,22,78.9426,-30.8107,0.0000,0.5966,-0.8025,0.0
2,23,79.2491,-31.2231,0.0000,0.4948,-0.8690,0.0
2,24,79.4848,-31.6371,0.0000,0.3374,-0.9414,0.0
2,25,79.6348,-32.0555,0.0000,0.1646,-0.9864,0.0
2,26,79.7054,-32.4785,0.0000,-0.0053,-1.0000,0.0
2,27,79.7031,-32.9063,0.0000,-0.1568,-0.9876,0.0
2,28,79.6345,-33.3388,0.0000,-0.2820,-0.9594,0.0
2,29,79.5059,-33.7762,0.0000,-0.3804,-0.9248,0.0
2,30,79.3239,-34.2187,0.0000,-0.4552,-0.8904,0.0
2,31,79.0951,-34.6663,0.0000,-0.5111,-0.8595,0.0
2,32,78.8258,-35.1191,0.0000,-0.5518,-0.8340,0.0
2,33,78.5227,-35.5773,0.0000,-0.5805,-0.8143,0.0
2,34,78.1922,-36.0409,0.0000,-0.5994,-0.8004,0.0
2,35,77.8408,-36.5102,0.0000,-0.6102,-0.7922,0.0
2,36,77.4750,-36.9851,0.0000,-0.6137,-0.7895,0.0
2,37,77.1013,-37.4658,0.0000,-0.6105,-0.7920,0.0
2,38,76.7261,-37.9525,0.0000,-0.6005,-0.7996,0.0
2,39,76.3561,-38.4451,0.0000,-0.5836,-0.8121,0.0
2,40,75.9977,-38.9440,0.0000,-0.5589,-0.8293,0.0
2,41,75.6573,-39.4490,0.0000,-0.5254,-0.8509,0.0
2,42,75.3415,-39.9604,0.0000,-0.4817,-0.8763,0.0
2,43,75.0568,-40.4783,0.0000,-0.4263,-0.9046,0.0
2,44,74.8096,-41.0028,0.0000,-0.3625,-0.9320,0.0
2,45,74.6033,-41.5333,0.0000,-0.2969,-0.9549,0.0
2,46,74.4369,-42.0685,0.0000,-0.2307,-0.9730,0.0
2,47,74.3092,-42.6069,0.0000,-0.1644,-0.9864,0.0
2,48,74.2192,-43.1470,0.0000,-0.0987,-0.9951,0.0
2,49,74.1656,-43.6876,0.0000,-0.0340,-0.9994,0.0
2,50,74.1473,-44.2271,0.0000,0.0293,-0.9996,0.0
2,51,74.1630,-44.7640,0.0000,0.0909,-0.9959,0.0
2,52,74.2117,-45.2971,0.0000,0.1507,-0.9886,0.0
2,53,74.2921,-45.8247,0.0000,0.2085,-0.9780,0.0
2,54,74.4032,-46.3455,0.0000,0.2642,-0.9645,0.0
2,55,74.5436,-46.8581,0.0000,0.3180,-0.9481,0.0
2,56,74.7122,-47.3610,0.0000,0.3698,-0.9291,0.0
2,57,74.9079,-47.8528,0.0000,0.4198,-0.9076,0.0
2,58,75.1296,-48.3320,0.0000,0.4680,-0.8837,0.0
2,59,75.3759,-48.7973,0.0000,0.5145,-0.8575,0.0
2,60,75.6459,-49.2471,0.0000,0.5595,-0.8288,0.0
2,61,75.9381,-49.6801,0.0000,0.6023,-0.7983,0.0
2,62,76.2513,-50.0951,0.0000,0.6243,-0.7812,0.0
2,63,76.5740,-50.4989,0.0000,0.6062,-0.7953,0.0
2,64,76.8850,-50.9068,0.0000,0.5439,-0.8392,0.0
2,65,77.1622,-51.3345,0.0000,0.4322,-0.9018,0.0
2,66,77.3840,-51.7973,0.0000,0.2939,-0.9558,0.0
2,67,77.5381,-52.2987,0.0000,0.1605,-0.9870,0.0
2,68,77.6240,-52.8272,0.0000,0.0330,-0.9995,0.0
2,69,77.6420,-53.3706,0.0000,-0.0909,-0.9959,0.0
2,70,77.5922,-53.9164,0.0000,-0.2139,-0.9769,0.0
2,71,77.4748,-54.4523,0.0000,-0.3383,-0.9410,0.0
2,72,77.2902,-54.9660,0.0000,-0.4652,-0.8852,0.0
2,73,77.0384,-55.4451,0.0000,-0.5934,-0.8049,0.0
2,74,76.7198,-55.8772,0.0000,-0.7079,-0.7063,0.0
2,75,76.3407,-56.2555,0.0000,-0.7638,-0.6454,0.0
2,76,75.9353,-56.5980,0.0000,-0.7601,-0.6498,0.0
2,77,75.5465,-56.9304,0.0000,-0.6876,-0.7261,0.0
2,78,75.2171,-57.2782,0.0000,-0.5212,-0.8534,0.0
2,79,74.9821,-57.6630,0.0000,-0.3172,-0.9484,0.0
2,80,74.8405,-58.0863,0.0000,-0.1305,-0.9914,0.0
2,81,74.7803,-58.5439,0.0000,0.0187,-0.9998,0.0
2,82,74.7894,-59.0314,0.0000,0.1284,-0.9917,0.0
2,83,74.8558,-59.5445,0.0000,0.2047,-0.9788,0.0
2,84,74.9676,-60.0789,0.0000,0.2544,-0.9671,0.0
2,85,75.1126,-60.6301,0.0000,0.2828,-0.9592,0.0
2,86,75.2788,-61.1940,0.0000,0.2932,-0.9561,0.0
2,87,75.4543,-61.7662,0.0000,0.2870,-0.9579,0.0
2,88,75.6269,-62.3422,0.0000,0.2643,-0.9644,0.0
2,89,75.7846,-62.9179,0.0000,0.2234,-0.9747,0.0
2,90,75.9155,-63.4889,0.0000,0.1616,-0.9869,0.0
2,91,76.0075,-64.0507,0.0000,0.0746,-0.9972,0.0
2,92,76.0486,-64.5992,0.0000,-0.0412,-0.9991,0.0
2,93,76.0267,-65.1300,0.0000,-0.1871,-0.9823,0.0
2,94,75.9298,-65.6387,0.0000,-0.3562,-0.9344,0.0
2,95,75.7459,-66.1211,0.0000,-0.5308,-0.8475,0.0
2,96,75.4630,-66.5727,0.0000,-0.6871,-0.7266,0.0
2,97,75.0691,-66.9893,0.0000,-0.8078,-0.5894,0.0
2,98,74.5521,-67.3665,0.0000,-0.8903,-0.4553,0.0
2,99,73.9000,-67.7000,0.0000,-0.8903,-0.4553,0.0
3,0,33.3000,-31.0000,0.0000,0.9986,-0.0529,0.0
3,1,33.8844,-31.0310,0.0000,0.9998,-0.0215,0.0
3,2,34.5044,-31.0443,0.0000,1.0000,0.0012,0.0
3,3,35.1564,-31.0436,0.0000,0.9999,0.0166,0.0
3,4,35.8370,-31.0323,0.0000,0.9997,0.0258,0.0
3,5,36.5426,-31.0141,0.0000,0.9996,0.0296,0.0
3,6,37.2697,-30.9925,0.0000,0.9996,0.0286,0.0
3,7,38.0149,-30.9712,0.0000,0.9997,0.0231,0.0
3,8,38.7746,-30.9536,0.0000,0.9999,0.0132,0.0
3,9,39.5453,-30.9435,0.0000,1.0000,-0.0010,0.0
3,10,40.3237,-30.9442,0.0000,0.9998,-0.0195,0.0
3,11,41.1060,-30.9595,0.0000,0.9991,-0.0426,0.0
3,12,41.8890,-30.9929,0.0000,0.9975,-0.0704,0.0
3,13,42.6690,-31.0479,0.0000,0.9947,-0.1032,0.0
3,14,43.4425,-31.1282,0.0000,0.9899,-0.1415,0.0
3,15,44.2062,-31.2373,0.0000,0.9827,-0.1854,0.0
3,16,44.9563,-31.3789,0.0000,0.9719,-0.2353,0.0
3,17,45.6896,-31.5564,0.0000,0.9566,-0.2913,0.0
3,18,46.4024,-31.7735,0.0000,0.9355,-0.3533,0.0
3,19,47.0913,-32.0337,0.0000,0.9071,-0.4209,0.0
3,20,47.7528,-32.3406,0.0000,0.8701,-0.4929,0.0
3,21,48.3833,-32.6978,0.0000,0.8233,-0.5677,0.0
3,22,48.9795,-33.1088,0.0000,0.7660,-0.6428,0.0
3,23,49.5377,-33.5773,0.0000,0.6985,-0.7156,0.0
3,24,50.0545,-34.1068,0.0000,0.6238,-0.7816,0.0
3,25,50.5273,-34.6992,0.0000,0.5846,-0.8114,0.0
3,26,50.9747,-35.3202,0.0000,0.6247,-0.7809,0.0
3,27,51.4367,-35.8978,0.0000,0.7472,-0.6647,0.0
3,28,51.9545,-36.3584,0.0000,0.9119,-0.4105,0.0
3,29,52.5667,-36.6340,0.0000,0.9871,-0.1602,0.0
3,30,53.2669,-36.7477,0.0000,0.9978,-0.0659,0.0
3,31,54.0124,-36.7969,0.0000,0.9937,-0.1122,0.0
3,32,54.7595,-36.8812,0.0000,0.9549,-0.2968,0.0
3,33,55.4644,-37.1003,0.0000,0.8096,-0.5870,0.0
3,34,56.0821,-37.5482,0.0000,0.5766,-0.8170,0.0
3,35,56.5325,-38.1864,0.0000,0.2481,-0.9687,0.0
3,36,56.6991,-38.8370,0.0000,-0.3447,-0.9387,0.0
3,37,56.5064,-39.3618,0.0000,-0.7625,-0.6470,0.0
3,38,56.0185,-39.7758,0.0000,-0.8914,-0.4533,0.0
3,39,55.3293,-40.1263,0.0000,-0.9221,-0.3869,0.0
3,40,54.5325,-40.4606,0.0000,-0.9117,-0.4109,0.0
3,41,53.7221,-40.8259,0.0000,-0.8568,-0.5157,0.0
3,42,52.9886,-41.2674,0.0000,-0.7596,-0.6503,0.0
3,43,52.3714,-41.7958,0.0000,-0.6443,-0.7648,0.0
3,44,51.8677,-42.3938,0.0000,-0.5189,-0.8548,0.0
3,45,51.4735,-43.0431,0.0000,-0.3894,-0.9211,0.0
3,46,51.1850,-43.7255,0.0000,-0.2587,-0.9660,0.0
3,47,50.9982,-44.4228,0.0000,-0.1271,-0.9919,0.0
3,48,50.9093,-45.1169,0.0000,0.0073,-1.0000,0.0
3,49,50.9142,-45.7901,0.0000,0.1445,-0.9895,0.0
3,50,51.0084,-46.4350,0.0000,0.2777,-0.9607,0.0
3,51,51.1867,-47.0519,0.0000,0.3999,-0.9166,0.0
3,52,51.4440,-47.6414,0.0000,0.5069,-0.8620,0.0
3,53,51.7750,-48.2043,0.0000,0.5971,-0.8022,0.0
3,54,52.1746,-48.7412,0.0000,0.6711,-0.7413,0.0
3,55,52.6376,-49.2527,0.0000,0.7309,-0.6825,0.0
3,56,53.1589,-49.7395,0.0000,0.7788,-0.6273,0.0
3,57,53.7333,-50.2021,0.0000,0.8170,-0.5766,0.0
3,58,54.3557,-50.6414,0.0000,0.8475,-0.5307,0.0
3,59,55.0208,-51.0579,0.0000,0.8720,-0.4894,0.0
3,60,55.7234,-51.4522,0.0000,0.8918,-0.4524,0.0
3,61,56.4585,-51.8251,0.0000,0.9079,-0.4193,0.0
3,62,57.2208,-52.1772,0.0000,0.9209,-0.3897,0.0
3,63,58.0052,-52.5091,0.0000,0.9317,-0.3632,0.0
3,64,58.8064,-52.8214,0.0000,0.9406,-0.3396,0.0
3,65,59.6194,-53.1150,0.0000,0.9479,-0.3184,0.0
3,66,60.4390,-53.3903,0.0000,0.9541,-0.2995,0.0
3,67,61.2599,-53.6480,0.0000,0.9592,-0.2827,0.0
3,68,62.0771,-53.8888,0.0000,0.9635,-0.2677,0.0
3,69,62.8853,-54.1134,0.0000,0.9671,-0.2545,0.0
3,70,63.6794,-54.3223,0.0000,0.9701,-0.2429,0.0
3,71,64.4542,-54.5163,0.0000,0.9725,-0.2330,0.0
3,72,65.2047,-54.6961,0.0000,0.9738,-0.2272,0.0
3,73,65.9314,-54.8656,0.0000,0.9736,-0.2283,0.0
3,74,66.6391,-55.0315,0.0000,0.9716,-0.2367,0.0
3,75,67.3328,-55.2006,0.0000,0.9675,-0.2527,0.0
3,76,68.0177,-55.3794,0.0000,0.9612,-0.2758,0.0
3,77,68.6987,-55.5749,0.0000,0.9523,-0.3053,0.0
3,78,69.3810,-55.7936,0.0000,0.9404,-0.3400,0.0
3,79,70.0674,-56.0417,0.0000,0.9249,-0.3802,0.0
3,80,70.7514,-56.3229,0.0000,0.9045,-0.4265,0.0
3,81,71.4240,-56.6400,0.0000,0.8777,-0.4792,0.0
3,82,72.0760,-56.9960,0.0000,0.8427,-0.5384,0.0
3,83,72.6984,-57.3936,0.0000,0.7970,-0.6039,0.0
3,84,73.2822,-57.8360,0.0000,0.7381,-0.6747,0.0
3,85,73.8182,-58.3259,0.0000,0.6634,-0.7483,0.0
3,86,74.2973,-58.8663,0.0000,0.5723,-0.8201,0.0
3,87,74.7110,-59.4592,0.0000,0.4741,-0.8804,0.0
3,88,75.0557,-60.0992,0.0000,0.3748,-0.9271,0.0
3,89,75.3300,-60.7776,0.0000,0.2751,-0.9614,0.0
3,90,75.5324,-61.4852,0.0000,0.1749,-0.9846,0.0
3,91,75.6618,-62.2133,0.0000,0.0739,-0.9973,0.0
3,92,75.7166,-62.9528,0.0000,-0.0284,-0.9996,0.0
3,93,75.6955,-63.6948,0.0000,-0.1324,-0.9912,0.0
3,94,75.5972,-64.4304,0.0000,-0.2384,-0.9712,0.0
3,95,75.4204,-65.1507,0.0000,-0.3461,-0.9382,0.0
3,96,75.1636,-65.8468,0.0000,-0.4544,-0.8908,0.0
3,97,74.8255,-66.5096,0.0000,-0.5611,-0.8278,0.0
3,98,74.4047,-67.1303,0.0000,-0.6632,-0.7485,0.0
3,99,73.9000,-67.7000,0.0000,-0.6632,-0.7485,0.0
4,0,6.3000,-50.7000,0.0000,0.7352,-0.6779,0.0
4,1,6.9165,-51.2685,0.0000,0.7552,-0.6555,0.0
4,2,7.5624,-51.8292,0.0000,0.7745,-0.6326,0.0
4,3,8.2360,-52.3793,0.0000,0.7933,-0.6089,0.0
4,4,8.9355,-52.9163,0.0000,0.8116,-0.5842,0.0
4,5,9.6595,-53.4374,0.0000,0.8296,-0.5583,0.0
4,6,10.4060,-53.9398,0.0000,0.8473,-0.5311,0.0
4,7,11.1736,-54.4208,0.0000,0.8647,-0.5023,0.0
4,8,11.9604,-54.8779,0.0000,0.8818,-0.4717,0.0
4,9,12.7648,-55.3081,0.0000,0.8985,-0.4390,0.0
4,10,13.5851,-55.7089,0.0000,0.9147,-0.4040,0.0
4,11,14.4196,-56.0775,0.0000,0.9304,-0.3666,0.0
4,12,15.2666,-56.4113,0.0000,0.9453,-0.3263,0.0
4,13,16.1245,-56.7074,0.0000,0.9591,-0.2830,0.0
4,14,16.9916,-56.9632,0.0000,0.9717,-0.2364,0.0
4,15,17.8661,-57.1760,0.0000,0.9825,-0.1864,0.0
4,16,18.7465,-57.3430,0.0000,0.9911,-0.1329,0.0
4,17,19.6309,-57.4616,0.0000,0.9971,-0.0758,0.0
4,18,20.5178,-57.5290,0.0000,0.9999,-0.0153,0.0
4,19,21.4053,-57.5426,0.0000,0.9988,0.0484,0.0
4,20,22.2920,-57.4996,0.0000,0.9934,0.1149,0.0
4,21,23.1760,-57.3973,0.0000,0.9830,0.1836,0.0
4,22,24.0556,-57.2331,0.0000,0.9672,0.2542,0.0
4,23,24.9278,-57.0039,0.0000,0.9437,0.3308,0.0
4,24,25.7796,-56.7052,0.0000,0.9092,0.4164,0.0
4,25,26.5945,-56.3320,0.0000,0.8593,0.5114,0.0
4,26,27.3555,-55.8791,0.0000,0.7889,0.6145,0.0
4,27,28.0460,-55.3413,0.0000,0.6945,0.7195,0.0
4,28,28.6508,-54.7147,0.0000,0.6017,0.7987,0.0
4,29,29.1790,-54.0136,0.0000,0.5402,0.8415,0.0
4,30,29.6586,-53.2665,0.0000,0.5152,0.8571,0.0
4,31,30.1179,-52.5024,0.0000,0.5279,0.8493,0.0
4,32,30.5855,-51.7500,0.0000,0.5781,0.8160,0.0
4,33,31.0897,-51.0383,0.0000,0.6595,0.7517,0.0
4,34,31.6559,-50.3930,0.0000,0.7384,0.6744,0.0
4,35,32.2868,-49.8168,0.0000,0.8007,0.5991,0.0
4,36,32.9745,-49.3022,0.0000,0.8479,0.5302,0.0
4,37,33.7114,-48.8413,0.0000,0.8825,0.4703,0.0
4,38,34.4898,-48.4266,0.0000,0.9073,0.4206,0.0
4,39,35.3017,-48.0501,0.0000,0.9244,0.3815,0.0
4,40,36.1396,-47.7044,0.0000,0.9356,0.3529,0.0
4,41,36.9955,-47.3815,0.0000,0.9423,0.3347,0.0
4,42,37.8618,-47.0738,0.0000,0.9452,0.3266,0.0
4,43,38.7306,-46.7736,0.0000,0.9445,0.3286,0.0
4,44,39.5942,-46.4731,0.0000,0.9407,0.3393,0.0
4,45,40.4458,-46.1659,0.0000,0.9385,0.3452,0.0
4,46,41.2862,-45.8568,0.0000,0.9407,0.3392,0.0
4,47,42.1201,-45.5561,0.0000,0.9471,0.3208,0.0
4,48,42.9523,-45.2742,0.0000,0.9571,0.2896,0.0
4,49,43.7876,-45.0215,0.0000,0.9695,0.2452,0.0
4,50,44.6306,-44.8082,0.0000,0.9823,0.1875,0.0
4,51,45.4862,-44.6449,0.0000,0.9930,0.1178,0.0
4,52,46.3585,-44.5415,0.0000,0.9990,0.0439,0.0
4,53,47.2439,-44.5026,0.0000,0.9995,-0.0300,0.0
4,54,48.1338,-44.5293,0.0000,0.9945,-0.1048,0.0
4,55,49.0191,-44.6226,0.0000,0.9834,-0.1814,0.0
4,56,49.8910,-44.7834,0.0000,0.9654,-0.2606,0.0
4,57,50.7404,-45.0127,0.0000,0.9402,-0.3406,0.0
4,58,51.5609,-45.3099,0.0000,0.9108,-0.4128,0.0
4,59,52.3536,-45.6692,0.0000,0.8801,-0.4748,0.0
4,60,53.1216,-46.0836,0.0000,0.8501,-0.5267,0.0
4,61,53.8680,-46.5460,0.0000,0.8224,-0.5689,0.0
4,62,54.5957,-47.0494,0.0000,0.7981,-0.6025,0.0
4,63,55.3078,-47.5870,0.0000,0.7781,-0.6281,0.0
4,64,56.0074,-48.1516,0.0000,0.7629,-0.6465,0.0
4,65,56.6974,-48.7364,0.0000,0.7527,-0.6584,0.0
4,66,57.3809,-49.3343,0.0000,0.7477,-0.6641,0.0
4,67,58.0609,-49.9382,0.0000,0.7479,-0.6638,0.0
4,68,58.7404,-50.5413,0.0000,0.7534,-0.6575,0.0
4,69,59.4224,-51.1366,0.0000,0.7642,-0.6450,0.0
4,70,60.1101,-51.7170,0.0000,0.7800,-0.6257,0.0
4,71,60.8064,-52.2755,0.0000,0.8007,-0.5991,0.0
4,72,61.5143,-52.8051,0.0000,0.8256,-0.5642,0.0
4,73,62.2369,-53.2990,0.0000,0.8540,-0.5203,0.0
4,74,62.9772,-53.7499,0.0000,0.8846,-0.4663,0.0
4,75,63.7382,-54.1511,0.0000,0.9157,-0.4018,0.0
4,76,64.5230,-54.4954,0.0000,0.9446,-0.3283,0.0
4,77,65.3341,-54.7774,0.0000,0.9639,-0.2664,0.0
4,78,66.1688,-55.0081,0.0000,0.9731,-0.2305,0.0
4,79,67.0207,-55.2099,0.0000,0.9753,-0.2210,0.0
4,80,67.8834,-55.4054,0.0000,0.9715,-0.2371,0.0
4,81,68.7505,-55.6171,0.0000,0.9606,-0.2780,0.0
4,82,69.6155,-55.8674,0.0000,0.9417,-0.3366,0.0
4,83,70.4700,-56.1728,0.0000,0.9156,-0.4020,0.0
4,84,71.3012,-56.5378,0.0000,0.8806,-0.4738,0.0
4,85,72.0960,-56.9654,0.0000,0.8337,-0.5522,0.0
4,86,72.8410,-57.4589,0.0000,0.7717,-0.6360,0.0
4,87,73.5233,-58.0212,0.0000,0.6910,-0.7229,0.0
4,88,74.1296,-58.6554,0.0000,0.5895,-0.8078,0.0
4,89,74.6470,-59.3644,0.0000,0.4754,-0.8797,0.0
4,90,75.0671,-60.1418,0.0000,0.3587,-0.9335,0.0
4,91,75.3864,-60.9728,0.0000,0.2402,-0.9707,0.0
4,92,75.6015,-61.8418,0.0000,0.1195,-0.9928,0.0
4,93,75.7088,-62.7337,0.0000,-0.0042,-1.0000,0.0
4,94,75.7051,-63.6328,0.0000,-0.1316,-0.9913,0.0
4,95,75.5868,-64.5239,0.0000,-0.2627,-0.9649,0.0
4,96,75.3506,-65.3916,0.0000,-0.3961,-0.9182,0.0
4,97,74.9930,-66.2204,0.0000,-0.5286,-0.8489,0.0
4,98,74.5106,-66.9950,0.0000,-0.6547,-0.7559,0.0
4,99,73.9000,-67.7000,0.0000,-0.6547,-0.7559,0.0
